Adana,Hatay,Osmaniye,Kahramanmaras,Kayseri,Nigde,Mersin
Adiyaman,Sanliurfa,Diyarbakir,Malatya,Kahramanmaras,Gaziantep
Afyon,Isparta,Konya,Eskisehir,Kutahya,Usak,Denizli,Burdur
Agri,Van,Igdir,Kars,Erzurum,Mus,Bitlis
Aksaray,Nigde,Nevsehir,Kirsehir,Ankara,Konya
Amasya,Yozgat,Tokat,Samsin,Corum
Ankara,Konya,Aksaray,Kirsehir,Kirikkale,Cankiri,Bolu,Eskisehir,Afyon
Antalya,Mersin,Karaman,Konya,Isparta,Burdur,Mugla
Ardahan,Kars,Erzurum,Artvin
Artvin,Rize,Erzurum,Ardahan
Aydin,Mugla,Denizli,Manisa,Izmir
Balikesir,Izmir,Manisa,Kutahya,Bursa,Canakkale
Bartin,Kastamonu,Zonguldak,Karabuk
Batman,Mardin,Siirt,Bitlis,Mus,Diyarbakir
Bayburt,Erzincan,Erzurum,Rize,Trabzon,Gumushane
Bilecik,Kutahya,Eskisehir,Bolu,Sakarya,Bursa
Bingol,Diyarbakir,Mus,Erzurum,Erzincan,Tunceli,Elazig
Bitlis,Siirt,Van,Agri,Mus,Batman
Bolu,Eskisehir,Ankara,Cankiri,Zonguldak,Duzce,Sakarya,Bilecik
Burdur,Mugla,Antalya,Isparta,Afyon,Denizli
Bursa,Balikesir,Kutahya,Bilecik,Sakarya,Kocaeli,Yalova
Canakkale,Balikesir,Tekirdag,Edirne
Cankiri,Ankara,Kirikkale,Corum,Kastamonu,Zonguldak,Bolu,Karabuk
Corum,Yozgat,Amasya,Samsun,Sinop,Kastamonu,Cankiri,Kirikkale
Denizli,Mugla,Burdur,Afyon,Usak,Manisa,Aydin
Diyarbakir,Sanliurfa,Mardin,Batman,Mus,Bingol,Elazig,Malatya,Adiyaman
Duzce,Zonguldak,Bolu,Sakarya
Edirne,Canakkale,Tekirdag,Kirikkale
Elazig,Diyarbakir,Bingol,Tunceli,Erzincan,Malatya
Erzincan,Elazig,Tunceli,Bingol,Erzurum,Bayburt,Gumushane,Giresun,Sivas,Malatya
Erzurum,Bingol,Mus,Agri,Kars,Ardahan,Artvin,Rize,Trabzon,Bayburt,Erzincan
Eskisehir,Afyon,Konya,Ankara,Bolu,Bilecik,Kutahya
Gaziantep,Kilis,Sanliurfa,Adiyaman,Kahramanmaras,Osmaniye,Hatay
Giresun,Gumushane,Trabzon,Erzincan,Sivas,Ordu
Gumushane,Erzincan,Bayburt,Trabzon,Giresun
Hakkari,Van,Sirnak
Hatay,Kilis,Gaziantep,Osmaniye,Adana
Igdir,Agri,Kars
Isparta,Antalya,Konya,Afyon,Burdur
Istanbul,Kocaeli,Tekirdag,Kirklareli
Izmir,Aydin,Manisa,Balikesir
Kahramanmaras,Gaziantep,Adiyaman,Malatya,Sivas,Kayseri,Adana,Osmaniye
Karabuk,Zonguldak,Bartin,Kastamonu,Cankiri
Karaman,Mersin,Konya,Antalya
Kars,Agri,Igdir,Ardahan,Erzurum
Kastamonu,Corum,Sinop,Cankiri,Bartin,Karabuk
Kayseri,Adana,Kahramanmaras,Sivas,Yozgat,Nevsehir,Nigde
Kilis,Gaziantep,Hatay
Kirikkale,Kirsehir,Yozgat,Corum,Cankiri,Ankara
Kirklareli,Edirne,Tekirdag,Istanbul
Kirsehir,Nevsehir,Yozgat,Kirikkale,Ankara,Aksaray
Kocaeli,Yalova,Istanbul,Bursa,Bilecik,Sakarya
Konya,Antalya,Karaman,Mersin,Nigde,Aksaray,Ankara,Eskisehir,Afyon,Isparta
Kutahya,Manisa,Usak,Afyon,Eskisehir,Bilecik,Bursa,Balikesir
Malatya,Kahramanmaras,Adiyaman,Diyarbakir,Elazig,Erzincan,Sivas
Manisa,Izmir,Aydin,Denizli,Usak,Kutahya,Balikesir
Manisa,Izmir,Aydin,Usak,Denizli,Kutahya,Balikesir
Mardin,Sanliurfa,Diyarbakir,Batman,Siirt,Sirnak
Mersin,Adana,Nigde,Konya,Karaman,Antalya
Mugla,Antalya,Burdur,Denizli,Aydin
Mus,Diyarbakir,Batman,Bitlis,Agri,Erzurum,Bingol
Nevsehir,Nigde,Kayseri,Yozgat,Kirsehir,Aksaray
Nigde,Nevsehir,Kayseri,Adana,Mersin,Konya,Aksaray
Osmaniye,Gaziantep,Kahramanmaras,Adana,Hatay
Rize,Artvin,Erzurum,Bayburt,Trabzon
Sakarya,Duzce,Bolu,Bilecik,Bursa,Kocaeli
Samsun,Ordu,Tokat,Amasya,Corum,Sinop
Sanliurfa,Gaziantep,Adiyaman,Diyarbakir,Mardin
Siirt,Van,Bitlis,Batman,Mardin,Sirnak
Sinop,Samsun,Corum,Kastamonu
Sirnak,Mardin,Siirt,Van,Hakkari
Sivas,Kayseri,Kahramanmaras,Malatya,Erzincan,Giresun,Ordu,Tokat,Yozgat
Tekirdag,Istanbul,Kirklareli,Edirne,Canakkale
Tokat,Sivas,Ordu,Samsun,Amasya,Yozgat
Trabzon,Rize,Bayburt,Gumushane,Giresun
Tunceli,Elazig,Bingol,Erzincan
Usak,Manisa,Denizli,Afyon,Kutahya
Van,Hakkari,Siranak,Siirt,Bitlis,Agri
Yalova,Kocaeli,Bursa
Yozgat,Kayseri,Sivas,Tokat,Amasya,Corum,Kirikkale,Kirsehir,Nevsehir
Zonguldak,Bartin,Cankiri,Bolu,Duzce,Karabuk